,,,,,,lat,long,http://www.latlong.net/convert-address-to-lat-long.html
08/01/2016,"IfA, Hawaii",http://www.ifa.hawaii.edu/,,"Institute for Astronomy 
2680 Woodlawn Drive 
Honolulu, HI 96822-1839 
USA","Honolulu, HI 96822-1839 
USA",21.317549,-157.815249,
Nov 1/Mar 15,San Francisco State U,http://www.physics.sfsu.edu/,,"1600 Holloway Avenue
San Francisco, CA 94132","San Francisco, CA 94132",37.722769,-122.476717,
85$/dec 31,U. Washington,http://depts.washington.edu/astron/,,"Box 351580, U.W.
Seattle, WA 98195-1580","Seattle, WA 98195-1580",47.650888,-122.308402,
07/12/2016,UC Berkeley,http://astro.berkeley.edu/,,"501 Campbell Hall #3411 
University of California at Berkeley 
Berkeley, CA 94720-3411
(510) 642-5275"," Berkeley, CA 94720-3411",37.870151,-122.259461,
,stanford/kipac,http://kipac.stanford.edu/kipac/,,"452 Lomita Mall
Stanford, CA  94305-4085","Stanford, CA  94305-4085",37.424106,-122.166076,
05/01/2016,UC Santa Cruz,http://www.astro.ucsc.edu/,,"UC SANTA CRUZ, 1156 HIGH STREET, SANTA CRUZ, CA 95064","SANTA CRUZ, CA 95064",36.98405,-122.061303,
05/01/2016,UC Davis,http://www.physics.ucdavis.edu/,,"UC Davis 
One Shields Avenue 
Davis, CA 95616 
Ph: (530) 752-1500 
Fax: (530) 752-4717","Davis, CA 95616",38.544907,-121.740517,
01/01/2016,UC Irvine,http://www.physics.uci.edu/research/astrocosmo,,"University of California, Irvine
4129H Frederick Reines Hall
Irvine, CA  92697-4575","Irvine, CA  92697-4575",33.647124,-117.842132,
,Pomona College,http://www.astro.pomona.edu/,,"Pomona College, 610 N. College Ave., Claremont, CA, 91711 Tel:(909) 621-8724 Fax:(909) 621-8463","Claremont, CA, 91711",34.100013,-117.714291,
05/01/2016,UC Riverside,"http://astro.ucr.edu/, http://www.physics.ucr.edu/",,"900 University Ave.
Riverside, CA 92521","Riverside, CA 92521",33.978881,-117.328143,
02/03/2016,San Diego State U,http://mintaka.sdsu.edu/,,"5500 Campanile Drive
San Diego, CA 92182-1221","San Diego, CA 92182-1221",32.772133,-117.072665,
,U Montana,http://hs.umt.edu/physics/,,"University of Montana
Charles H Clapp Building 126
Missoula, MT 59812","Missoula, MT 59812",46.861557,-113.98427,
"July 1 for September admission.
November 1 for January admission.
March 1 for May admission.
May 1 for July admission",U Alberta,https://uofa.ualberta.ca/physics,,"Department of Physics 
4-181 CCIS, University of Alberta 
Edmonton , Alberta 
Canada T6G 2E1 ","Edmonton , Alberta 
Canada T6G 2E1 ",53.526778,-113.526365,
>3.2GPA/gre&toefl/65$/1feb,U. Utah,http://www.astro.utah.edu/,,"©2012 THE UNIVERSITY OF UTAH 115 S 100 E, RM 201, SALT LAKE CITY, UTAH 84112 PHONE 801-581-6901 FAX 801-581-4801","SALT LAKE CITY, UTAH 84112",40.76522,-111.841954,
gre&toefl/75$/dec1,U Arizona,https://www.as.arizona.edu/,,"Department of Astronomy/Steward Observatory 
933 North Cherry Avenue, Rm. N204 
Tucson, AZ 85721-0065"," Tucson, AZ 85721-0065",32.233284,-110.948801,
15/01/2016,New Mexico State U,http://astronomy.nmsu.edu/dept/html/facade.html,,"Las Cruces, NM 88003","Las Cruces, NM 88003",32.277755,-106.745579,
Jan 15/Aug 1,U New Mexico,http://physics.unm.edu/,,"© Department of Physics and Astronomy ~ 1919 Lomas Blvd NE ~ Albuquerque, NM 87131 ~ (505) 277-2616","Albuquerque, NM 87131",35.09,-106.62,
15/01/2016,U Colorado,"http://apas.colorado.edu/, http://ccar.colorado.edu/",,"2000 Colorado Ave, Boulder, CO 80305","2000 Colorado Ave, Boulder, CO 80305",40.007916,-105.267321,
15/01/2016,U Wyoming,http://www.uwyo.edu/physics/graduate-program/,,"Physics & Astronomy
1000 E. University, Dept 3905
Laramie, WY 82071","Laramie, WY 82071",41.151037,-104.762261,
Feb 1/Oct 1,Texas Tech U,http://www.phys.ttu.edu/new_research_files/astronomy.html,,"Texas Tech University, Physics Department, Box 41051, Lubbock, TX 79409-1051","Lubbock, TX 79409-1051",33.588644,-101.882043,
,UNAM,http://www.astroscu.unam.mx/IA/index.php?lang=en,,"Coyoacán. CP 04510
Mexico DF","Coyoacán. CP 04510
Mexico DF",19.343744,-99.156188,
gre&toefl/90$/dec 15,UT Austin,http://www.as.utexas.edu/,,"The University of Texas at Austin
Department of Astronomy
2515 Speedway, RLM 13.116
Austin, Texas 78712-1205","Austin, Texas 78712-1205",30.283515,-97.73488,
Feb 1/Sep 1,U Oklahoma,https://www.nhn.ou.edu/research/astrophysics-and-cosmology,,"The University of Oklahoma
440 W. Brooks St.
Norman, OK 73019","Norman, OK 73019",35.207473,-97.447911,
"February 15
June 15
October 15
December 15",U Manibota,http://www.physics.umanitoba.ca/snr/index.php,,"Dept of Physics and Astronomy 
University of Manitoba 
515 Allen (Physics) Building 
Winnipeg, MB R3T 2N2 
Canada ","Winnipeg, MB R3T 2N2 
Canada ",49.811219,-97.134843,
,Texas A&M U,http://mitchell.tamu.edu/research/fields/astronomy/,," College Station, Texas 77843","College Station, Texas 77843",30.61,-96.34,
01/01/2016,rice U,http://www.physics.rice.edu/,,"Mailing Address: P.O. Box 1892, Houston, Texas 77251-1892","Houston, Texas 77251-1892",29.7,-95.54,
,Iowa State,http://www.physastro.iastate.edu/research/astronomy,,"Ames, IA 50011","Ames, IA 50011",42.028866,-93.648031,
gre&toefl/jan10,U Minnesota,http://www.astro.umn.edu/,,"School of Physics & Astronomy - 116 Church Street S.E., Minneapolis, MN 55455","Minneapolis, MN 55455",44.974156,-93.2342,
Jan 15/Oct15,Lousiana State U,http://www.phys.lsu.edu/newwebsite/research/astro.html,,"Louisiana State University 
Department of Physics & Astronomy
202 Nicholson Hall, Tower Dr.
Baton Rouge, LA 70803-4001","Baton Rouge, LA 70803-4001",30.416019,-91.050674,
Dec 31/Oct 1,Washington U,"http://presolar.wustl.edu/Laboratory_for_Space_Sciences/Home.html, http://mcss.wustl.edu/",,"Washington University ⎢One Brookings Drive, St Louis, MO 63130","St Louis, MO 63130",38.648059,-90.303959,
31/12/2016,UWisconsin,http://www.astro.wisc.edu/,,"2535 Sterling Hall
475 N. Charter Street
Madison, WI 53706-1507
Phone:(608) 262 3071
Fax: (608) 263 6386","Madison, WI 53706-1507",43.105433,-89.426929,
31/01/2016,Michigan Tech U,http://www.epssi.mtu.edu/,,"1400 Townsend Drive
Houghton, MI 49931","Houghton, MI 49931",47.117562,-88.541971,
,Fermilab,"http://astro.fnal.gov/, http://www-astro-theory.fnal.gov/",,"Fermilab
PO Box 500
Batavia IL 60510-5011",Batavia IL 60510-5011,41.84032,-88.23273,
15/01/2016,U Illinois UC,http://www.astro.illinois.edu/,," Department of Astronomy, MC-221, 1002 W. Green Street, Urbana, IL 61801
phone: (217) 333-3090","Urbana, IL 61801",40.105923,-88.212031,
gre&toefl/dec31,northwestern,"http://www.physics.northwestern.edu/, http://ciera.northwestern.edu/Research/research_areas.php",,"2145 Sheridan Road, Evanston, IL 60208-3112
Phone: (847) 491-3685   Fax: (847) 467-6857","Evanston, IL 60208-3112",42.054112,-87.675989,
08/01/2016,U. Chicago,astro.uchicago.edu,,"5640 S. Ellis Ave, Chicago, IL 60637","Chicago, IL 60637",41.78051,-87.603826,
,"Kavli Institute for Cosmological Physics, Chicago",http://cfcp.uchicago.edu/index.php,,"The University of Chicago, The Kavli Institute for Cosmological Physics,
William Eckhardt Research Center (ERC) - Suite 499
5640 South Ellis Avenue,
Chicago, IL 60637","Chicago, IL 60637",41.792079,-87.601811,
01/01/2016,Purdue U,"http://eaps.purdue.edu/, http://www.physics.purdue.edu/",,"550 Stadium Mall Drive,
West Lafayette, IN 47907","West Lafayette, IN 47907",40.428828,-86.914776,
15/01/2016,U Indiana,http://www.astro.indiana.edu/,,"727 East 3rd Street, Swain West 318, Bloomington, IN 47405-7105 | Phone: 812-855-6911| Fax: 812-855-8725","Bloomington, IN 47405-7105",39.171427,-86.518602,
15/01/2016,Notre Dame,http://physics.nd.edu/research/astronomy-astrophysics/,,"225 Nieuwland Science Hall, Notre Dame, IN 46556 ","225 Nieuwland Science Hall, Notre Dame, IN 46556 ",41.701582,-86.236606,
01/01/2016,Michigan State U,http://www.pa.msu.edu/astro/Astronomy.html,,"Postal:  MSU Astronomy Group
              c/o Shawna Prater
              Biomedical Physical Sciences Building
              567 Wilson Road, Room 3261
              East Lansing, MI  48824-2320","East Lansing, MI  48824-2320",42.724305,-84.479605,
15/01/2016,georgia state,http://phy-astr.gsu.edu/,,"33 Gilmer Street SE Atlanta, GA","Atlanta, GA",33.748995,-84.387982,
gre/nov 30,Ohio state,http://astronomy.osu.edu/,,"McPherson Laboratory
140 West 18th Avenue
Columbus OH, 43210-1173","Columbus OH, 43210-1173",39.999063,-83.017339,
gre&toefl/30$/jan15,U Florida,http://www.astro.ufl.edu/,,"© Department of Astronomy, College of Liberal Arts and Sciences, University of Florida 211 Bryant Space Science Center, Gainesville, FL 32611-2055, USAt: (352) 294-1870 + f: (352) 392-5089 + e: paw@ufl.eduLast modified August 2014","Gainesville, FL 32611-2055",29.613024,-82.371937,
15/01/2016,Ohio U,https://www.ohio.edu/cas/physastro/,,Athens OH 45701,Athens OH 45701,39.32924,-82.101255,
15/01/2016,Case Western Reserve,http://cerca.case.edu/,,"© 2012 Case Western Reserve University, Cleveland, Ohio 44106, 216-368-2000 (legal notice)","Cleveland, Ohio 44106",41.509126,-81.608987,
01/03/2016,U Western Ontario,"http://physics.uwo.ca/index.html, http://www.physics.uwo.ca/research/astronomy/index.html",,"The Department of Physics and Astronomy, PAB Room 138
1151 Richmond Street
London, Ontario, Canada, N6A 3K7","London, Ontario, Canada, N6A 3K7",43.00838,-81.262128,
Feb 1/June 1/ Oct 1,U Waterloo,https://uwaterloo.ca/astrophysics-and-gravitation/,,"200 University Avenue West
Waterloo, ON, Canada  N2L 3G1
+1 519 888 4567","Waterloo, ON, Canada  N2L 3G",43.470759,-80.543024,
06/02/2016,McMaster U,http://www.physics.mcmaster.ca/astroweb/,,"1280 Main St. W
Hamilton, ON, L8S 4M1
Canada","Hamilton, ON, L8S 4M1
Canada",43.262245,-79.920286,
"May 25th for Fall admission, September 22nd for Winter admission and March 2nd for Summer admission",York U.,http://www.physics.yorku.ca/index.php/research-physics-astronomy/astronomy-astrophysics,,355 Lumbers Bldg. - 4700 Keele Street - Toronto - Ontario - Canada - M3J 1P3,Toronto - Ontario - Canada - M3J 1P3,43.774208,-79.498333,
A- gpa/gre&toefl/$120 cdn/jan15,U Toronto,http://www.astro.utoronto.ca/,,"50 St. George Street (Room 101)
Toronto, Ontario, Canada M5S 3H4
General Inquiries: info@astro.utoronto.ca
(416) 946-5243","Toronto, Ontario, Canada M5S 3H4",43.660818,-79.39741,
A- gpa/gre&toefl/jan15,Dunlap(canada),http://www.dunlap.utoronto.ca/,,"50 St. George Street, Toronto, Ontario, Canada M5S 3H4","Toronto, Ontario, Canada M5S 3H4",43.660818,-79.39741,
,Canadian Institute for Astronomical Research,http://www.cifar.ca/cosmology-and-gravity,,"180 Dundas St W 
Suite 1400 
Toronto, ON, Canada 
M5G 1Z8","Toronto, ON, Canada 
M5G 1Z8",43.655368,-79.386429,
,,http://www.samsi.info/,,"19 T.W. Alexander Drive, P.O. Box 14006, Research Triangle Park, NC 27709-4006","Research Triangle Park, NC 27709-4006",35.922075,-78.869167,
Jan 3',North Carolina State U,http://wonka.physics.ncsu.edu/,,"Raleigh, NC 27695-8202","Raleigh, NC 27695-8202",35.81,-78.72,
min 3.0 GPA/gre & toefl/65$/Jan6,Pennstate,http://astro.psu.edu/,,"Department of Astronomy & Astrophysics
Eberly College of Science
The Pennsylvania State University
525 Davey Lab
University Park, PA 16802
814.865.0418
Fax: 814.863.3399","University Park, PA 16802",40.808408,-77.863883,
15/01/2016,U Rochester,http://www.pas.rochester.edu/research/astronomy-astrophysics.html,,"University of Rochester
206 Bausch & Lomb Hall
P.O. Box 270171
Rochester, NY 14627-0171","Rochester, NY 14627-0171",43.131859,-77.623931,
,U Maryland,http://cresst.umd.edu/,,"University of Maryland, College Park, MD 20742, USA","College Park, MD 20742, USA",38.981028,-76.944136,
min 3.0 gpa/gre&toefl/75$/dec 15,U Maryland,http://www.astro.umd.edu/,,"University of Maryland
College Park, MD 20742-2421 
Phone: 301.405.3001               FAX: 301.314.9067 
","College Park, MD 20742-2421",38.981028,-76.944136,
,STSCI,http://www.stsci.edu/,,"3700 San Martin Drive
Baltimore, MD 21218","Baltimore, MD 21218",39.332728,-76.623277,
15/12/2016,Johns Hopkins U,http://physics-astronomy.jhu.edu/,,"Department of Physics & Astronomy, Bloomberg Center for Physics and Astronomy, Room 366
3400 N. Charles Street, Baltimore, MD 21218","Baltimore, MD 21218",39.332213,-76.600833,
15/02/2016,Queen's U,"http://www.astro.queensu.ca/, http://www.queensu.ca/sgs/astrophysics-astronomy",,"Queen's University
Kingston, Ontario
K7L 3N6 Canada","Kingston, Ontario
K7L 3N6 Canada",44.244131,-76.511068,
,Syracuse U,https://www.gravity.phy.syr.edu/,,"Room 263-1, Department of Physics, Syracuse University, NY 13244, USA","NY 13244, USA",43.047826,-76.143229,
15/02/2016,U Delaware,http://web.physics.udel.edu/research/astronomy,,"217 Sharp Lab | Newark, DE 19716","Newark, DE 19716",39.667357,-75.750231,
01/01/2016,drexel,http://drexel.edu/coas/academics/departments-centers/physics/research/researchareas/astrophysics/,,"Drexel University, 3141 Chestnut Street, Philadelphia, PA 19104, 215.895.2000, © All Rights Reserved","Philadelphia, PA 19104",39.958359,-75.195393,
31/12/2016,princeton,http://www.princeton.edu/astro/,,"Department of Astrophysical Sciences
4 Ivy Lane
Princeton University, Princeton, NJ 08544","Princeton, NJ 08544",40.346717,-74.656877,
/jan1,Rutgers,http://www.physics.rutgers.edu/ast/,,"Copyright (c) 2009 Rutgers, The State University of New Jersey
Department of Physics & Astronomy,
136 Frelinghuysen Rd, Piscataway, NJ 08854","Piscataway, NJ 08854",40.554887,-74.464286,
Dec 18 PhD/Feb 1 MS,NYU,http://cosmo.nyu.edu/,,"Center for Cosmology and Particle Physics
New York University
Meyer Hall of Physics
4 Washington Place, room 531
New York, NY 10003","New York, NY 10003",40.732253,-73.987411,
,NASA Goddard Institute for Space Science,http://www.giss.nasa.gov/,,"NASA Goddard Institute for Space Studies
2880 Broadway
New York, NY 10025 USA","New York, NY 10025 USA",40.805478,-73.965225,
,columbia,http://www.astro.columbia.edu/,,"Columbia University
Mail Code 5246
550 West 120th Street
New York, New York 10027","New York, New York 10027",40.813891,-73.962433,
,McGill U,http://www.astro.physics.mcgill.ca/index.php,,"Rutherford Physics Building
3600 rue University
Montreal, QC H3A 2T8","Montreal, QC H3A 2T8",45.506962,-73.578265,
,SUNY Stony Brook,http://www.astro.sunysb.edu/,,"Dept. of Physics and Astronomy • SUNY Stony Brook • Stony Brook, NY 11794-3800","Stony Brook, NY 11794-3800",40.918301,-73.1175,
,Yale U,http://www.astro.yale.edu/,,"Astronomy Department
Steinbach Hall
Yale University
52 Hillhouse Avenue
New Haven, CT 06511","New Haven, CT 06511",41.321291,-72.928339,
gre&toefl/jan15,U Mass Amherst,http://www.astro.umass.edu/,,"© 2016 University of Massachusetts Amherst • Amherst, MA 01003","Amherst, MA 01003",42.395656,-72.521962,
,U Laval,http://www.astro.phy.ulaval.ca/,,"Pavillon Alexandre-Vachon 
Québec (Québec) G1V 0A6 CANADA ",Québec (Québec) G1V 0A6 CANADA ,46.780321,-71.276816,
,Harvard,http://astronomy.fas.harvard.edu/,,"Harvard Astronomy Department
60 Garden Street, MS 46
Cambridge, MA 02138

Phone: 617-495-3752
Fax: 617-495-7008","Cambridge, MA 02138",42.380327,-71.13891,
,Tufts University,http://cosmos.phy.tufts.edu/index.html,,"Department of Physics and Astronomy, Tufts University 
Robinson Hall, 212 College Avenue, Medford, MA 02155","Medford, MA 02155",42.405882,-71.117333,
,Boston U,http://www.bu.edu/astronomy/,,"725 Commonwealth Avenue, Boston, MA 02215
Phone: 617/353-2625; FAX: 617/353-5704","Boston, MA 02215",42.347618,-71.100288,
,MIT,http://space.mit.edu/,,"77 MASSACHUSETTS AVENUE, 37-241, CAMBRIDGE, MA 02139","CAMBRIDGE, MA 02139",42.359254,-71.093134,
,U Maine,http://www.physics.umaine.edu/,,"120 Bennett Hall
Orono, Maine 04469","Orono, Maine 04469",44.902942,-68.668481,
,Saint Mary's U,http://www.smu.ca/academics/departments/astronomy-and-physics.html,,"923 Robie Street,
Halifax, Nova Scotia
Canada, B3H 3C3","Halifax, Nova Scotia
Canada, B3H 3C3",44.630719,-63.57816,
,"IAC, Canaries",http://www.iac.es/index.php?lang=en,,E38205 - La Laguna (Tenerife). España,E38205 - La Laguna (Tenerife). España,28.484511,-16.34342,
,U Lisboa,http://centra.tecnico.ulisboa.pt/,,"Pavilhão de Física, 4º Piso
Av. Rovisco Pais 1
1049-001 Lisboa, PORTUGAL","Pavilhão de Física, 4º Piso
Av. Rovisco Pais 1
1049-001 Lisboa, PORTUGAL",38.736996,-9.139917,
,,http://www.astro.up.pt/caup/index.php?Lang=uk,,"Centro de Astrofísica da Universidade do Porto 
Rua das Estrelas 
4150-762 Porto, Portugal","4150-762 Porto, Portugal",41.150573,-8.639676,
,U Glasgow,http://www.astro.gla.ac.uk/,,"Kelvin Building, University of Glasgow, Glasgow, G12 8QQ","Glasgow, G12 8QQ",55.87151,-4.288761,
,,http://www.iaa.es/,,"Glorieta de la Astronomía, s/n. E-18008, Granada","Glorieta de la Astronomía, s/n. E-18008, Granada",37.162095,-3.590096,
,Cardiff,http://www.astro.cardiff.ac.uk/,,"Cardiff University
Queen's Buildings
The Parade
Cardiff
CF24 3AA","Cardiff
CF24 3AA",51.484655,-3.169529,
,U of St.Andrews,http://star-www.st-and.ac.uk/astronomy/,,"School of Physics & Astronomy
University of St Andrews
North Haugh
St Andrews 
KY16 9SS
Scotland","St Andrews 
KY16 9SS
Scotland",56.34015,-2.807484,
,Lancaster U,http://www.physics.lancs.ac.uk/research/capg/index.html,,"Physics Department
Lancaster University
Lancaster
United Kingdom
LA1 4YB","Lancaster
United Kingdom
LA1 4YB",54.010672,-2.787432,
,durham,http://astro.dur.ac.uk/,,"Department of Physics,
Durham University,
South Road,
Durham DH1 3LE",Durham DH1 3LE,54.762384,-1.574947,
,Soton,http://www.astro.soton.ac.uk/,,"School of Physics & Astronomy        
University of Southampton        
Southampton, Hampshire
SO17 1BJ","School of Physics & Astronomy        
University of Southampton        
Southampton, Hampshire
SO17 1BJ",50.934189,-1.395685,
,Oxford,http://www2.physics.ox.ac.uk/research/astrophysics,,"Clarendon Laboratory,
Parks Road,
Oxford
OX1 3PU","Oxford
OX1 3PU",51.759509,-1.25731,
,U Nottingham,http://www.nottingham.ac.uk/astronomy/,,"The Centre for Astronomy & Particle Theory
The School of Physics & Astronomy 
University of Nottingham 
University Park 
Nottingham NG7 2RD, UK","Nottingham NG7 2RD, UK",52.94125,-1.186481,
,U Hertfordshire,http://www.herts.ac.uk/research/stri/research-areas/car,,"University of Hertfordshire
Hatfield
Hertfordshire
AL10 9AB
UK","Hertfordshire
AL10 9AB
UK",51.751791,-0.240108,
,Imperial,http://astro.ic.ac.uk/,,"Astrophysics Group
Imperial College London
Blackett Laboratory
Prince Consort Road
London SW7 2AZ
United Kingdom","London SW7 2AZ
United Kingdom",51.499845,-0.17721,
,"UCL, london",http://www.ucl.ac.uk/star/,,University College London - Gower Street - London - WC1E 6BT,London - WC1E 6BT,51.524706,-0.133569,
,King's college,http://www.kcl.ac.uk/nms/depts/physics/index.aspx,, Strand | London WC2R 2LS | England | United Kingdom,London WC2R 2LS | United Kingdom,51.511139,-0.119413,
,U Sussex,http://www.sussex.ac.uk/astronomy/,,"University of Sussex
Sussex House, Falmer
Brighton, BN1 9RH
United Kingdom","Brighton, BN1 9RH
United Kingdom",50.86447,-0.087076,
,Cambridge,http://www.ast.cam.ac.uk/,,"Institute of Astronomy, University of Cambridge, Madingley Road, Cambridge CB3 0HA",Cambridge CB3 0HA,52.214532,0.095328,
,"Kavli Institute for Cosmology, Cambridge",http://www.kicc.cam.ac.uk/,,"Kavli Institute for Cosmology, University of Cambridge, Madingley Road, Cambridge CB3 0HA",Cambridge CB3 0HA,52.214532,0.095328,
,,http://www.irap.omp.eu/en,," 14, avenue Edouard Belin - 31400 TOULOUSE "," 14, avenue Edouard Belin - 31400 TOULOUSE ",43.561119,1.47824,
,,http://www.obs-mip.fr/,,14 Avenue Edouard Belin - 31400 TOULOUSE ,14 Avenue Edouard Belin - 31400 TOULOUSE ,43.561119,1.47824,
,,http://icc.ub.edu/,,"Institut de Ciències del Cosmos
Martí i Franquès, 1
E-08028 Barcelona","Institut de Ciències del Cosmos
Martí i Franquès, 1
E-08028 Barcelona",41.379088,2.12784,
,,http://www.ias.u-psud.fr/,,"IAS - Space Astrophysics Institute  
of Paris Sud University, Building 121 
91405 Orsay FRANCE",91405 Orsay FRANCE,48.697161,2.189617,
,Paris Observatory,http://www.obspm.fr/,,"Observatoire de Paris
61 avenue de l’Observatoire 
75014 Paris, France ","75014 Paris, France ",48.835862,2.336433,
,,http://www.astro.ulb.ac.be/pmwiki/IAA/HomePage,,"CP226 
Boulevard du Triomphe
B-1050 Brussels
Belgium","B-1050 Brussels
Belgium",50.82215,4.401204,
,Leiden Uni,https://www.strw.leidenuniv.nl/,,"P.O. Box 9513
NL-2300 RA  Leiden
The Netherlands","NL-2300 RA  Leiden
The Netherlands",52.158046,4.481197,
,U. Groningen,http://www.rug.nl/research/kapteyn/,,"9700 AV Groningen
the Netherlands","9700 AV Groningen
the Netherlands",51.775217,4.614996,
,KU Leuven,http://www.kuleuven.be/english/admissions/phd/index,,"Atrechtcollege
Naamsestraat 63, box 5410
B-3000 Leuven ",B-3000 Leuven ,50.88152,4.696758,
,Lyon Obs,http://lio.universite-lyon.fr/,," 9, avenue Charles André - 69230 SAINT GENIS LAVAL"," 9, avenue Charles André - 69230 SAINT GENIS LAVAL",45.693886,4.782996,
,Lyon Obs,http://www-obs.univ-lyon1.fr/,,"École Normale Supérieure de Lyon
46 allée d'Italie
69364 Lyon cedex 07",69364 Lyon cedex 07,45.729789,4.82838,
,U Amsterdam,http://www.astro.uva.nl/institute/,,1090 GE Amsterdam ,1090 GE Amsterdam ,52.370216,4.895168,
,,https://www.labex-ocevu.univ-amu.fr/?q=en/node/166/,,"Labex OCEVU (Origines, Constituants et EVolution de l'Univers)
Centre de physique des particules de Marseille (CPPM)
163, avenue de Luminy
13288 Marseille cedex 9",13288 Marseille cedex 9,43.23943,5.43809,
,Radboud U,"https://www.astro.ru.nl/en, http://www.ru.nl/imapp/",,"Heyendaalseweg 135, 6525 AJ Nijmegen",6525 AJ Nijmegen,51.823781,5.869838,
,U Geneva,http://www.unige.ch/sciences/LaRecherche/DomainesDeRecherche/Astronomie.html,,"30, quai Ernest Ansermet- 
1211 Geneva 4","30, quai Ernest Ansermet- 
1211 Geneva 4",46.19804,6.132416,
,,http://isdc.unige.ch/,,"Chemin d'Ecogia 16
CH-1290 Versoix
Switzerland","Chemin d'Ecogia 16
CH-1290 Versoix
Switzerland",46.290458,6.150582,
,ASTRON,http://www.astron.nl/,,"Oude Hoogeveensedijk 4
7991 PD Dwingeloo
The Netherlands","7991 PD Dwingeloo
The Netherlands",52.813358,6.396031,
,U Koeln,http://www.astro.uni-koeln.de/,,"I. Physikalisches Institut
Universität zu Köln
Zülpicher Straße 77
50937 Köln","I. Physikalisches Institut
Universität zu Köln
Zülpicher Straße 77
50937 Köln",50.926048,6.932673,
,U. Bonn,https://astro.uni-bonn.de/,,"Argelander-Institut für Astronomie
Auf dem Hügel 71
D-53121 Bonn",D-53121 Bonn,50.72995,7.06931,
,Max Planck for Radio Astronomy,http://www.mpifr-bonn.mpg.de/2169/en,,"Auf dem Hügel 69
D-53121 Bonn (Endenich)","Auf dem Hügel 69
D-53121 Bonn (Endenich)",50.73009,7.06957,
,Ruhr U Bochum,https://www.astro.rub.de/Astronomie/index_en.html,,"44780 Bochum 
Germany","44780 Bochum 
Germany",51.430436,7.193527,
,"CDS, strassburg",http://astro.unistra.fr/,,11 rue de l'Université - 67000 Strasbourg,11 rue de l'Université - 67000 Strasbourg,48.582949,7.766506,
,,http://www.etap.physik.uni-mainz.de/index_ENG.php,,"Institut für Physik 
Johannes Gutenberg-Universität 
Staudinger Weg 7 
D-55099 Mainz 
Germany ","D-55099 Mainz 
Germany ",49.992862,8.247253,
,eth,http://www.astro.ethz.ch/,,"Wolfgang-Pauli-Str. 27
8093 Zürich
Switzerland","8093 Zürich
Switzerland",47.410228,8.508417,
,"ZAH, U. Heidelberg",https://zah.uni-heidelberg.de/zah/?no_cache=1,,"Zentrum für Astronomie der Universität Heidelberg (ZAH)
Albert-Ueberle-Str. 2
D-69120 Heidelberg
Germany","D-69120 Heidelberg
Germany",49.414133,8.694596,
,Max Planck Institute for Astronomy,http://www.mpia.de/en,,"Max-Planck-Institut für Astronomie
Königstuhl 17
D-69117 Heidelberg
Germany","D-69117 Heidelberg
Germany",49.395382,8.723552,
,Heidelberg Institute for Theoretical Studies,http://www.h-its.org/english/homes/springel/index.php,,"Schloss-Wolfsbrunnenweg 35
69118 Heidelberg
Germany","69118 Heidelberg
Germany",49.41539,8.7371,
,U Tuebingen,"http://www.uni-tuebingen.de/en/faculties/mathematisch-naturwissenschaftliche-fakultaet/fachbereiche/physics/institutes/astronomy-astrophysics/institute.html, http://www.kepler.uni-tuebingen.de/",,"Geschwister-Scholl-Platz
72074 Tübingen",72074 Tübingen,48.361966,9.27586,
,DESY Hamburg,http://astro.desy.de/,,"Notkestraße 85
D-22607 Hamburg","Notkestraße 85
D-22607 Hamburg",53.573509,9.880394,
,U Goettingen,http://www.uni-goettingen.de/en/203293.html,,"Institut für Astrophysik
Friedrich-Hund-Platz 1
37077 Göttingen",37077 Göttingen,51.558114,9.946945,
,Max Planck for Solar Science,http://www.mps.mpg.de/2169/en,,"Max Planck Institute for
Solar System Research
Justus-von-Liebig-Weg 3
37077 Göttingen",37077 Göttingen,51.559533,9.950848,
,u weurzberg,http://www.astro.uni-wuerzburg.de/en?set_language=en,,"Campus Hubland Nord
Emil-Fischer-Str. 31
D-97074 Würzburg
Germany","D-97074 Würzburg
Germany",49.780136,9.964735,
,Aarhus U,http://sac.au.dk/,,"Aarhus University
Nordre Ringgade 1
DK-8000 Aarhus C",DK-8000 Aarhus C,56.146046,10.202726,
,U Hamburg,http://www.hs.uni-hamburg.de/index.php?lang=en,,"Hamburger Sternwarte
Gojenbergsweg 112
21029 Hamburg",21029 Hamburg,53.48019,10.23938,
,U Oslo,http://www.mn.uio.no/astro/english/,,"Sem Sælands vei 13
0371 OSLO
Norway","0371 OSLO
Norway",59.938621,10.717736,
,LMU,http://www.en.physik.uni-muenchen.de/research/specialties/astrophysics/index.html,,"Ludwig-Maximilians-University Munich
Geschwister-Scholl-Platz 1 
80539 München ",80539 München ,48.15069,11.58036,
,"USM, Munich",http://www.usm.uni-muenchen.de/index_en.php,,"Scheinerstraße 1, D-81679 München, Germany","D-81679 München, Germany",48.14602,11.60674,
,,http://www.mpa-garching.mpg.de/SNIa/index.html,,"Karl-Schwarzschild-Str. 1
Postfach 1317
D-85741 Garching, Germany","D-85741 Garching, Germany",48.248872,11.653248,
,Max Planck Institute for Extragalactic Physics,http://www.mpe.mpg.de/214514/heg,,"Giessenbachstrasse 1
85748 Garching","Giessenbachstrasse 1
85748 Garching",48.261625,11.673473,
,,http://www.dfa.unipd.it/index.php?id=79&L=2,,"via Marzolo, 8
I-35131 Padova","via Marzolo, 8
I-35131 Padova",45.409254,11.886054,
,Chalmers U,http://www.chalmers.se/sv/centrum/oso/Sidor/default.aspx,,Chalmers University of Technology 412 96 Gothenburg,412 96 Gothenburg,57.70887,11.97456,
,,http://www.inaf.it/en?set_language=en,,"Viale del Parco Mellini n°84
00136 ROMA","Viale del Parco Mellini n°84
00136 ROMA",41.922852,12.450339,
,,http://www.space.dtu.dk/english/Research/Research_divisions/Astrophysics,,"National Space Institute
Elektrovej, building 327+328 + 371  and
Ørsteds Plads, building 348 
DK-2800 Kgs. Lyngby",DK-2800 Kgs. Lyngby,55.763516,12.494943,
,Niels Bohr Institute,http://dark.nbi.ku.dk/,,"Niels Bohr Institute, University of Copenhagen
Juliane Maries Vej 30
2100 Copenhagen Ø
Denmark","2100 Copenhagen Ø
Denmark",55.6852,12.572771,
,,http://www.oa-roma.inaf.it/index.php?lang=en,,"Via Frascati 33, 00078, Monte Porzio Catone (RM), Italy","Via Frascati 33, 00078, Monte Porzio Catone (RM), Italy",41.813263,12.706725,
,Albert Einstein Institute - Max Planck Institute for Gravitational Physics,http://www.aei.mpg.de/,,"Max Planck Institute for Gravitational Physics (Albert Einstein Institute)
Science Park Potsdam-Golm
Am Mühlenberg 1
D-14476 Potsdam-Golm
Germany","D-14476 Potsdam-Golm
Germany",52.41556,12.96901,
,Leibniz,http://www.aip.de/en,,"An der Sternwarte 16, 14482 Potsdam, Germany","14482 Potsdam, Germany",52.4045,13.10477,
,Lund Uni,http://www.astro.lu.se/,,"Lund Observatory, Box 43, SE-221 00 Lund, Sweden","SE-221 00 Lund, Sweden",55.70466,13.191007,
,"sissa, trieste",http://www.sissa.it/ap/,,"Via Bonomea 265, 34136, Trieste, Italy","Trieste, Italy",45.67403,13.762504,
,U Vienna,http://astro.univie.ac.at/,,1010 Wien ,1010 Wien ,48.208265,16.373921,
,,http://astro.physics.muni.cz/en/,,"Faculty of Science, MU
Dept. of Theor. Phys. & Astrophysics 
Kotlářská 2 (Building No. 6)
CZ-611 37 Brno
Czech Republic","CZ-611 37 Brno
Czech Republic",49.19506,16.606837,
,Uppsala U,http://www.physics.uu.se/,,"Lägerhyddsvägen 1 
Uppsala","Lägerhyddsvägen 1 
Uppsala",59.839256,17.647075,
,South African Astronomical Obs,http://www.saao.ac.za/,,"South African Astronomical Observatory
P.O. Box 9
Observatory
7935
South Africa","South African Astronomical Observatory
7935
South Africa",-33.934539,18.477115,
,U Cape Town,"http://www.ast.uct.ac.za/, http://www.acgc.uct.ac.za/",,"University of Cape Town
Private Bag X3
Rondebosch 7701
Republic of South Africa","Rondebosch 7701
Republic of South Africa",-33.965788,18.48102,
,U Warsaw,http://www.astrouw.edu.pl/index.php/english-front,,"00-478 Warsaw, Poland","00-478 Warsaw, Poland",52.231514,21.04383,
,,http://www1.astro.noa.gr/en/main/,,"Vas. Pavlou & I. Metaxa, 15236 Penteli, Greece","Vas. Pavlou & I. Metaxa, 15236 Penteli, Greece",38.048703,23.865066,
,,http://www.opetus.physics.helsinki.fi/english/,,"Gustaf Hällströmin katu 2a 
FI-00560 Helsinki","Gustaf Hällströmin katu 2a 
FI-00560 Helsinki",60.204975,24.963471,
,Tel Aviv U,https://physics.tau.ac.il/astrophysics,,"Tel Aviv University, P.O. Box 39040, Tel Aviv 6997801, Israel","Tel Aviv 6997801, Israel",32.08187,34.780549,
,Weizmann Institute,http://www.weizmann.ac.il/astrophysics/,,"Weizmann Institute of Science Rehovot 7610001 ISRAEL

",Rehovot 7610001 ISRAEL,32.104004,34.875815,
min 3.0 gpa/gre&toefl/75$/jan6,U Michigan,http://www.lsa.umich.edu/astro/,,"Astronomy
311 West Hall
1085 S. University
Ann Arbor, MI  48109-1107","Ann Arbor, MI  48109-1107",42.305325,42.305325,
,IUCAA,http://www.iucaa.ernet.in/,,"Savitribai Phule Pune University Campus
Pune 411 007, India ","Pune 411 007, India ",18.555062,73.822826,
,IIT Indore,http://iiti.ac.in/people/~astro/,,Indore,"Indore, India",22.719569,75.857726,
,RRI,http://www.rri.res.in/htmls/aa/index.htm,,"Bangalore
Karnataka
India
PIN: 560 080","Bangalore
India",13.010303,77.579602,
,,http://www.cssteap.org/,,"Headquarters, IIRS Campus, 4,Kalidas Road, Dehradun 248001, INDIA.","Dehradun 248001, INDIA.",30.339996,78.050211,
,,http://www.boseinst.ernet.in/capss/aboutus.htm,,"Bidhan Nagar, Kolkata - 700091","Bidhan Nagar, Kolkata - 700091",22.581696,88.430414,
,Hong Kong U,http://www.physics.hku.hk/~astro/,,"The University of Hong Kong, Pokfulam, Hong Kong","Pokfulam, Hong Kong",22.284051,114.137839,
,UWA,http://www.astro.uwa.edu.au/home,,"ICRAR 
M468 
The University of Western Australia 
35 Stirling Highway 
Crawley WA 6009 
AUSTRALIA","Crawley WA 6009 
AUSTRALIA",-31.98399,115.814655,
,"ICRAR, Australia",http://www.icrar.org/,,"The University of Western Australia
Crawley, Perth
Western Australia, 6009","Perth
Western Australia, 6009",-31.978619,115.819731,
,Curtin U,http://astronomy.curtin.edu.au/,,"Kent Street, Bentley, Perth
Western Australia, 6102","Perth
Western Australia, 6102",-32.002049,115.887556,
,,http://astro-en.shao.cas.cn/,,"80 Nandan Road, Shanghai 200030, China","Shanghai 200030, China",31.18997,121.441645,
,,http://caa.physics.sjtu.edu.cn/,,"800 Dongchuan Road, Shanghai","800 Dongchuan Road, Shanghai",31.023108,121.444057,
,,http://www.ipmu.jp/,,"Kashiwa, 277-8583, Japan","Kashiwa, 277-8583, Japan",32.742724,131.175783,
,,http://www.ess.sci.osaka-u.ac.jp/index-e.html,,"1-1 Machikaneyama-cho, Toyonaka-shi, Osaka 560-0043, Japan","Osaka 560-0043, Japan",34.802649,135.455614,
,,http://www.kusastro.kyoto-u.ac.jp/,,"Postal Address: Kitashirakawa-Oiwake-cho, Sakyo-ku, Kyoto 606-8502, Japan","Kyoto 606-8502, Japan",35.030518,135.783684,
,"National Astronomical Observatory, Japan",http://www.nao.ac.jp/en/,,"Osawa, Mitaka, Tokyo 181-8588, JAPAN","Osawa, Mitaka, Tokyo 181-8588, JAPAN",35.67533,139.536498,
,U Tokyo,http://www.astron.s.u-tokyo.ac.jp/en/,,"Department of Astronomy, Graduate School of Science, The University of Tokyo, Hongo 7-3-1, Bunkyo-ku, Tokyo, 113-0033","Hongo 7-3-1, Bunkyo-ku, Tokyo, 113-0033",35.708831,139.760097,
,U Melb,http://astro.physics.unimelb.edu.au/,,"Grattan Street, 
Parkville, Victoria, 3010","Parkville, Victoria, 3010",-37.799821,144.958457,
,Macquarie U,http://physics.mq.edu.au/astronomy/,,"Macquarie University 
NSW, 2109, Australia","NSW, 2109, Australia",-33.775699,151.113131,
,U Sydney,http://www.physics.usyd.edu.au/sifa/,,"The University of Sydney
NSW 2006
Australia","NSW 2006
Australia",-33.892089,151.193606,
,U New South Wales,https://www.physics.unsw.edu.au/,,UNSW Sydney NSW 2052 Australia Tel: (+61 02) 9385 7924,UNSW Sydney NSW 2052 Australia,-33.918488,151.227858,
,U Canterbury,http://www.phys.canterbury.ac.nz/research/astronomy/,,"University of Canterbury, 
Private Bag 4800, 
Christchurch 8140, 
New Zealand","Christchurch 8140, 
New Zealand",-43.545955,172.633235,
,,http://www.irasr.aut.ac.nz/,,"Private Bag 92006
Auckland 1142
NEW ZEALAND","Auckland 1142
NEW ZEALAND",-36.84846,174.763332,
,U Wellington,http://www.victoria.ac.nz/scps/research/research-groups/astronomy-astrophysics,,"Victoria University of Wellington
PO Box 600
Wellington 6140
New Zealand","Wellington 6140
New Zealand",-41.296882,174.774189,
,,http://astroherzberg.org/,,,,,,
,,http://astronomy.nju.edu.cn/Default.aspx?alias=astronomy.nju.edu.cn/english,,,,,,
,,http://web.physics.syr.edu/research/theo-cosmo/index.html,,"Syracuse University, Syracuse, NY 13244","Syracuse University, Syracuse, NY 13244",,,
,Caltech,http://www.astro.caltech.edu/,,,,,,
,U Pittsburgh,http://www.physicsandastronomy.pitt.edu/,,"University of Pittsburgh
Department of Physics and Astronomy
100 Allen Hall
3941 O'Hara St
Pittsburgh PA 15260",Pittsburgh PA 15260,,,
,ESO,,,,,,,